{"cameraMode":{"drawMode":0,"name":"Shaded","section":"Shading Mode"},"sceneLighting":true,"audioPlay":false,"sceneViewState":{"showFog":true,"showMaterialUpdate":false,"showSkybox":true,"showFlares":true,"showImageEffects":true,"showParticleSystems":true},"in2DMode":false,"pivot":{"x":6.455593109130859,"y":3.3935797214508058,"z":16.45733642578125},"rotation":{"x":-0.1215071827173233,"y":-0.002385064261034131,"z":0.00029204090242274106,"w":-0.9925824403762817},"size":18.519447326660158,"orthographic":false}