{"cameraMode":{"drawMode":0,"name":"Shaded","section":"Shading Mode"},"sceneLighting":true,"audioPlay":false,"sceneViewState":{"showFog":true,"showMaterialUpdate":false,"showSkybox":true,"showFlares":true,"showImageEffects":true,"showParticleSystems":true},"in2DMode":false,"pivot":{"x":1.6607062816619874,"y":5.042159080505371,"z":13.62173080444336},"rotation":{"x":-0.058774884790182117,"y":-0.0038961865939199926,"z":0.0002294397127116099,"w":-0.998261570930481},"size":10.0,"orthographic":false}