{"cameraMode":{"drawMode":0,"name":"Shaded","section":"Shading Mode"},"sceneLighting":true,"audioPlay":false,"sceneViewState":{"showFog":true,"showMaterialUpdate":false,"showSkybox":true,"showFlares":true,"showImageEffects":true,"showParticleSystems":true},"in2DMode":false,"pivot":{"x":-10.842873573303223,"y":-105.09382629394531,"z":318.8265686035156},"rotation":{"x":0.16214756667613984,"y":-0.01629779487848282,"z":0.0025915990117937328,"w":0.9865625500679016},"size":174.3520965576172,"orthographic":false}